0000.jpg,SUNNY
0001.jpg,SUNNY
0002.jpg,SUNNY
0003.jpg,RAINY
0004.jpg,SUNNY
0005.jpg,SNOWY
0006.jpg,SUNNY
0007.jpg,HAZE
0008.jpg,RAINY
0009.jpg,HAZE
0010.jpg,SUNNY
0011.jpg,SUNNY
0012.jpg,SUNNY
0013.jpg,SUNNY
0014.jpg,HAZE
0015.jpg,SNOWY
0016.jpg,RAINY
0017.jpg,RAINY
0018.jpg,RAINY
0019.jpg,RAINY
0020.jpg,SNOWY
0021.jpg,RAINY
0022.jpg,SNOWY
0023.jpg,HAZE
0024.jpg,SUNNY
0025.jpg,SUNNY
0026.jpg,HAZE
0027.jpg,RAINY
0028.jpg,RAINY
0029.jpg,SUNNY
0030.jpg,SUNNY
0031.jpg,HAZE
0032.jpg,RAINY
0033.jpg,RAINY
0034.jpg,HAZE
0035.jpg,RAINY
0036.jpg,HAZE
0037.jpg,RAINY
0038.jpg,HAZE
0039.jpg,HAZE
0040.png,RAINY
0041.jpg,HAZE
0042.jpg,RAINY
0043.jpg,HAZE
0044.jpg,RAINY
0045.jpg,SNOWY
0046.jpg,HAZE
0047.jpg,HAZE
0048.jpg,SNOWY
0049.jpg,RAINY
0050.jpg,SUNNY
0051.jpg,HAZE
0052.jpg,SNOWY
0053.jpg,RAINY
0054.jpg,SUNNY
0055.jpg,SUNNY
0056.jpg,SNOWY
0057.jpg,RAINY
0058.jpg,RAINY
0059.jpg,SNOWY
0060.jpg,SUNNY
0061.jpg,RAINY
0062.jpg,SNOWY
0063.jpg,HAZE
0064.jpg,SNOWY
0065.jpg,RAINY
0066.jpg,RAINY
0067.jpg,HAZE
0068.jpg,RAINY
0069.jpg,HAZE
0070.jpg,RAINY
0071.jpg,RAINY
0072.jpg,RAINY
0073.jpg,SNOWY
0074.jpg,HAZE
0075.jpg,SNOWY
0076.jpg,RAINY
0077.jpg,RAINY
0078.jpg,RAINY
0079.jpg,SNOWY
0080.jpg,RAINY
0081.jpg,SNOWY
0082.jpg,RAINY
0083.jpg,HAZE
0084.jpg,RAINY
0085.jpg,SNOWY
0086.jpg,RAINY
0087.png,HAZE
0088.jpg,SNOWY
0089.jpg,RAINY
0090.jpg,RAINY
0091.jpg,RAINY
0092.jpg,RAINY
0093.jpg,SNOWY
0094.jpg,SNOWY
0095.jpg,RAINY
0096.jpg,SNOWY
0097.jpg,RAINY
0098.jpg,RAINY
0099.jpg,SUNNY
0100.jpg,RAINY
0101.jpg,SUNNY
0102.jpg,SUNNY
0103.jpg,SNOWY
0104.jpg,RAINY
0105.jpg,HAZE
0106.jpg,SUNNY
0107.jpg,SNOWY
0108.jpg,HAZE
0109.jpg,SUNNY
0110.jpg,SNOWY
0111.jpg,HAZE
0112.jpg,SUNNY
0113.jpg,RAINY
0114.jpg,RAINY
0115.jpg,RAINY
0116.jpg,RAINY
0117.jpg,RAINY
0118.jpg,RAINY
0119.jpg,HAZE
0120.jpg,SNOWY
0121.jpg,RAINY
0122.jpg,SNOWY
0123.jpg,RAINY
0124.jpg,HAZE
0125.jpg,RAINY
0126.png,HAZE
0127.jpg,RAINY
0128.jpg,HAZE
0129.jpg,RAINY
0130.jpg,HAZE
0131.jpg,SNOWY
0132.jpg,RAINY
0133.jpg,RAINY
0134.jpg,RAINY
0135.jpg,HAZE
0136.jpg,RAINY
0137.jpg,RAINY
0138.jpg,SNOWY
0139.jpg,RAINY
0140.jpg,RAINY
0141.jpg,HAZE
0142.jpg,SUNNY
0143.jpg,RAINY
0144.png,SNOWY
0145.jpg,RAINY
0146.jpg,RAINY
0147.jpg,RAINY
0148.jpg,RAINY
0149.jpg,SUNNY
0150.jpg,SUNNY
0151.jpg,HAZE
0152.jpg,SNOWY
0153.jpg,RAINY
0154.jpg,RAINY
0155.jpg,RAINY
0156.jpg,HAZE
0157.jpg,RAINY
0158.jpg,RAINY
0159.jpg,HAZE
0160.jpg,RAINY
0161.jpg,SUNNY
0162.jpg,SUNNY
0163.jpg,RAINY
0164.jpg,SUNNY
0165.jpeg,RAINY
0166.jpg,SUNNY
0167.jpg,RAINY
0168.jpg,SUNNY
0169.jpg,HAZE
0170.jpg,HAZE
0171.jpg,SUNNY
0172.jpg,SNOWY
0173.jpg,HAZE
0174.jpg,SUNNY
0175.jpg,HAZE
0176.jpg,HAZE
0177.jpg,RAINY
0178.jpg,SNOWY
0179.jpg,RAINY
0180.jpg,HAZE
0181.jpg,SNOWY
0182.jpg,HAZE
0183.jpg,HAZE
0184.jpg,SNOWY
0185.jpg,RAINY
0186.jpg,RAINY
0187.jpg,HAZE
0188.jpg,RAINY
0189.jpg,RAINY
0190.jpg,HAZE
0191.jpg,RAINY
0192.jpg,RAINY
0193.jpg,RAINY
0194.jpg,HAZE
0195.jpg,RAINY
0196.jpg,SNOWY
0197.jpg,RAINY
0198.jpg,RAINY
0199.jpg,RAINY
0200.jpg,RAINY
0201.jpg,HAZE
0202.jpg,SUNNY
0203.jpg,RAINY
0204.jpg,RAINY
0205.jpg,RAINY
0206.jpg,SNOWY
0207.jpg,RAINY
0208.jpg,HAZE
0209.jpg,RAINY
0210.jpg,SUNNY
0211.jpg,SUNNY
0212.jpg,RAINY
0213.jpg,HAZE
0214.jpg,SUNNY
0215.jpg,SUNNY
0216.jpg,SUNNY
0217.jpg,SUNNY
0218.jpg,SNOWY
0219.jpg,RAINY
0220.jpg,RAINY
0221.jpg,RAINY
0222.jpg,RAINY
0223.jpg,SNOWY
0224.jpg,SUNNY
0225.jpg,HAZE
0226.jpg,SUNNY
0227.jpg,RAINY
0228.jpg,HAZE
0229.jpg,SUNNY
0230.jpg,HAZE
0231.jpg,RAINY
0232.jpg,RAINY
0233.jpg,RAINY
0234.jpg,SUNNY
0235.jpg,RAINY
0236.jpg,HAZE
0237.jpg,SUNNY
0238.jpg,RAINY
0239.jpg,SUNNY
0240.jpg,RAINY
0241.jpg,HAZE
0242.jpg,RAINY
0243.jpg,SNOWY
0244.jpg,RAINY
0245.jpg,RAINY
0246.jpg,RAINY
0247.jpg,HAZE
0248.jpg,SNOWY
0249.jpg,RAINY
0250.jpg,HAZE
0251.jpg,RAINY
0252.jpg,HAZE
0253.jpg,RAINY
0254.jpg,RAINY
0255.jpg,SUNNY
0256.jpg,RAINY
0257.jpg,HAZE
0258.jpg,RAINY
0259.jpg,SNOWY
0260.jpg,RAINY
0261.jpg,RAINY
0262.png,RAINY
0263.png,SNOWY
0264.jpg,HAZE
0265.jpg,SUNNY
0266.jpg,SNOWY
0267.jpg,RAINY
0268.jpg,SUNNY
0269.jpg,SUNNY
0270.jpg,SUNNY
0271.jpg,RAINY
0272.jpg,HAZE
0273.jpg,RAINY
0274.jpg,HAZE
0275.jpg,SUNNY
0276.jpg,RAINY
0277.jpg,SNOWY
0278.jpg,RAINY
0279.jpg,RAINY
0280.jpg,RAINY
0281.jpg,SUNNY
0282.jpg,HAZE
0283.jpg,RAINY
0284.jpg,SUNNY
0285.jpg,HAZE
0286.jpg,RAINY
0287.jpg,HAZE
0288.jpg,RAINY
0289.jpg,RAINY
0290.jpg,RAINY
0291.jpg,RAINY
0292.jpg,RAINY
0293.jpg,RAINY
0294.jpg,RAINY
0295.jpg,RAINY
0296.jpg,RAINY
0297.jpg,HAZE
0298.jpg,SNOWY
0299.jpg,RAINY
0300.jpg,HAZE
0301.jpg,SUNNY
0302.jpg,SUNNY
0303.jpg,SUNNY
0304.jpg,SUNNY
0305.jpg,RAINY
0306.jpg,HAZE
0307.png,RAINY
0308.png,RAINY
0309.jpg,HAZE
0310.jpg,SUNNY
0311.jpg,HAZE
0312.jpg,SUNNY
0313.jpg,RAINY
0314.jpg,HAZE
0315.jpg,RAINY
0316.jpg,HAZE
0317.jpg,SNOWY
0318.jpg,HAZE
0319.jpg,SUNNY
0320.jpg,SNOWY
0321.jpg,SUNNY
0322.jpg,RAINY
0323.jpg,HAZE
0324.png,RAINY
0325.jpg,HAZE
0326.jpg,SUNNY
0327.jpg,SUNNY
0328.jpg,RAINY
0329.jpg,SUNNY
0330.jpg,SUNNY
0331.jpg,RAINY
0332.png,SNOWY
0333.jpg,RAINY
0334.jpg,RAINY
0335.jpg,RAINY
0336.jpg,RAINY
0337.jpg,SUNNY
0338.png,SNOWY
0339.jpg,RAINY
0340.jpg,SNOWY
0341.jpg,SUNNY
0342.png,HAZE
0343.jpg,HAZE
0344.jpg,RAINY
0345.jpg,RAINY
0346.jpg,SNOWY
0347.jpg,RAINY
0348.jpg,RAINY
0349.jpg,SUNNY
0350.jpg,RAINY
0351.jpg,SUNNY
0352.jpg,SUNNY
0353.jpg,SUNNY
0354.jpg,RAINY
0355.jpg,SUNNY
0356.jpg,HAZE
0357.jpg,RAINY
0358.jpg,RAINY
0359.jpg,SNOWY
0360.jpg,SUNNY
0361.jpg,SUNNY
0362.jpg,HAZE
0363.jpg,RAINY
0364.jpg,SUNNY
0365.jpg,RAINY
0366.jpg,RAINY
0367.jpg,SNOWY
0368.jpg,HAZE
0369.jpg,RAINY
0370.jpg,SNOWY
0371.jpg,HAZE
0372.jpg,SNOWY
0373.jpg,HAZE
0374.jpg,SNOWY
0375.jpg,HAZE
0376.jpg,SNOWY
0377.jpg,HAZE
0378.jpg,SNOWY
0379.jpg,RAINY
0380.png,SNOWY
0381.jpg,RAINY
0382.png,HAZE
0383.jpg,RAINY
0384.jpg,SNOWY
0385.jpg,RAINY
0386.jpg,HAZE
0387.jpg,SNOWY
0388.jpg,SNOWY
0389.jpg,SNOWY
0390.jpg,SUNNY
0391.png,SNOWY
0392.jpg,SNOWY
0393.jpg,SNOWY
0394.jpg,SNOWY
0395.jpg,SUNNY
0396.jpg,SNOWY
0397.jpg,SNOWY
0398.jpg,SUNNY
0399.jpg,SUNNY
0400.jpg,SNOWY
0401.jpg,SNOWY
0402.jpg,SUNNY
0403.jpg,HAZE
0404.jpg,HAZE
0405.jpg,SNOWY
0406.jpg,SUNNY
0407.jpg,SNOWY
0408.jpg,SNOWY
0409.jpg,HAZE
0410.jpg,SUNNY
0411.jpg,SNOWY
0412.jpg,SUNNY
0413.jpg,SUNNY
0414.jpg,SUNNY
0415.jpg,HAZE
0416.jpg,SNOWY
0417.jpg,SUNNY
0418.jpg,HAZE
0419.jpg,HAZE
0420.jpg,SNOWY
0421.jpg,SUNNY
0422.jpg,SUNNY
0423.jpg,SUNNY
0424.jpg,HAZE
0425.jpg,SNOWY
0426.jpg,HAZE
0427.jpg,SNOWY
0428.jpg,SNOWY
0429.jpg,HAZE
0430.png,SNOWY
0431.jpg,SUNNY
0432.jpg,SUNNY
0433.jpg,HAZE
0434.jpg,SNOWY
0435.jpg,SNOWY
0436.jpg,SNOWY
0437.jpg,SUNNY
0438.jpg,HAZE
0439.jpg,SNOWY
0440.jpg,SNOWY
0441.jpg,SNOWY
0442.jpg,HAZE
0443.jpg,SNOWY
0444.jpg,HAZE
0445.jpg,SNOWY
0446.jpg,SNOWY
0447.jpg,SNOWY
0448.jpg,SNOWY
0449.jpg,SNOWY
0450.jpg,SNOWY
0451.jpg,SNOWY
0452.jpg,SNOWY
0453.jpg,SNOWY
0454.jpg,SNOWY
0455.jpg,HAZE
0456.jpg,HAZE
0457.jpg,HAZE
0458.jpg,SNOWY
0459.jpg,SNOWY
0460.jpg,SUNNY
0461.jpg,SUNNY
0462.jpg,SNOWY
0463.jpg,SNOWY
0464.jpg,HAZE
0465.jpg,SUNNY
0466.jpg,SNOWY
0467.jpg,SNOWY
0468.jpg,SNOWY
0469.png,SNOWY
0470.jpg,SNOWY
0471.jpg,SNOWY
0472.jpg,SNOWY
0473.jpg,HAZE
0474.jpg,SUNNY
0475.jpg,HAZE
0476.jpg,HAZE
0477.jpg,SNOWY
0478.jpg,SNOWY
0479.jpg,SNOWY
0480.jpg,SUNNY
0481.jpg,SNOWY
0482.jpg,SUNNY
0483.png,HAZE
0484.jpg,SUNNY
0485.jpg,SNOWY
0486.jpg,SNOWY
0487.jpg,HAZE
0488.jpg,HAZE
0489.jpg,HAZE
0490.jpg,SNOWY
0491.jpg,SNOWY
0492.jpg,SNOWY
0493.jpg,SNOWY
0494.jpg,SNOWY
0495.jpg,HAZE
0496.jpg,HAZE
0497.jpg,HAZE
0498.jpg,SNOWY
0499.jpg,SUNNY
0500.jpg,SUNNY
0501.jpg,SUNNY
0502.jpg,SNOWY
0503.png,HAZE
0504.jpg,SNOWY
0505.jpg,HAZE
0506.jpg,SNOWY
0507.jpg,SUNNY
0508.jpg,SUNNY
0509.png,HAZE
0510.jpg,SNOWY
0511.jpg,SNOWY
0512.jpg,HAZE
0513.jpg,SNOWY
0514.jpg,HAZE
0515.jpg,HAZE
0516.jpg,SNOWY
0517.jpg,HAZE
0518.jpg,SNOWY
0519.jpg,SUNNY
0520.jpg,SNOWY
0521.jpg,SNOWY
0522.jpg,HAZE
0523.jpg,SUNNY
0524.jpg,SNOWY
0525.jpg,SUNNY
0526.jpg,HAZE
0527.jpg,SNOWY
0528.jpg,HAZE
0529.jpg,SNOWY
0530.jpg,SUNNY
0531.jpg,HAZE
0532.png,SNOWY
0533.jpg,SNOWY
0534.jpg,HAZE
0535.jpg,SUNNY
0536.jpg,SNOWY
0537.jpg,SNOWY
0538.jpg,SNOWY
0539.jpg,HAZE
0540.jpg,SUNNY
0541.jpg,SNOWY
0542.jpg,SUNNY
0543.jpg,SNOWY
0544.jpg,SNOWY
0545.jpg,SNOWY
0546.jpg,SNOWY
0547.jpg,SNOWY
0548.jpg,SNOWY
0549.jpg,SUNNY
0550.jpg,HAZE
0551.jpg,HAZE
0552.jpg,SNOWY
0553.png,SNOWY
0554.jpg,SUNNY
0555.jpg,SNOWY
0556.jpg,HAZE
0557.jpg,HAZE
0558.jpg,SNOWY
0559.jpg,HAZE
0560.jpg,SUNNY
0561.jpg,SNOWY
0562.jpg,SNOWY
0563.jpg,HAZE
0564.jpg,SNOWY
0565.png,SNOWY
0566.jpg,SNOWY
0567.jpg,SUNNY
0568.jpg,SNOWY
0569.jpg,SNOWY
0570.jpg,SUNNY
0571.jpg,SNOWY
0572.png,SUNNY
0573.jpg,HAZE
0574.jpg,SNOWY
0575.jpg,SNOWY
0576.jpg,SUNNY
0577.jpg,SUNNY
0578.jpg,SNOWY
0579.jpg,SNOWY
0580.jpg,SNOWY
0581.jpg,SUNNY
0582.jpg,HAZE
0583.jpg,SNOWY
0584.png,SNOWY
0585.png,HAZE
0586.jpg,HAZE
0587.jpg,HAZE
0588.png,HAZE
0589.jpg,SNOWY
0590.jpg,SUNNY
0591.jpg,SNOWY
0592.jpg,HAZE
0593.jpg,SUNNY
0594.jpg,HAZE
0595.jpg,HAZE
0596.jpg,SUNNY
0597.jpg,SUNNY
0598.jpg,HAZE
0599.jpg,SUNNY
0600.jpg,SUNNY
0601.jpg,SUNNY
0602.jpg,HAZE
0603.jpg,SUNNY
0604.jpg,SUNNY
0605.jpg,SNOWY
0606.jpg,SUNNY
0607.jpg,SUNNY
0608.jpg,SNOWY
0609.jpg,SNOWY
0610.jpg,SNOWY
0611.jpg,SNOWY
0612.jpg,SUNNY
0613.jpg,SUNNY
0614.jpg,SNOWY
0615.jpg,SUNNY
0616.jpg,SNOWY
0617.jpg,SNOWY
0618.jpg,SNOWY
0619.jpg,SNOWY
0620.jpg,HAZE
0621.jpg,SNOWY
0622.jpg,HAZE
0623.jpg,SUNNY
0624.jpg,HAZE
0625.jpg,SNOWY
0626.jpg,SNOWY
0627.jpg,HAZE
0628.jpg,HAZE
0629.jpg,HAZE
0630.jpg,SNOWY
0631.jpg,SNOWY
0632.jpg,SNOWY
0633.jpg,SNOWY
0634.jpg,HAZE
0635.jpg,SNOWY
0636.jpg,SNOWY
0637.jpg,SNOWY
0638.jpg,SNOWY
0639.jpg,SNOWY
0640.png,SUNNY
0641.jpg,SNOWY
0642.png,HAZE
0643.jpg,HAZE
0644.jpg,SNOWY
0645.jpg,HAZE
0646.jpg,SNOWY
0647.jpg,SUNNY
0648.jpg,SUNNY
0649.jpg,SUNNY
0650.jpg,HAZE
0651.jpg,SUNNY
0652.jpg,SUNNY
0653.jpg,SNOWY
0654.jpg,SNOWY
0655.jpg,SNOWY
0656.jpg,HAZE
0657.jpg,SNOWY
0658.jpg,SNOWY
0659.jpg,HAZE
0660.jpg,HAZE
0661.jpg,SNOWY
0662.jpg,SNOWY
0663.jpg,SNOWY
0664.jpg,HAZE
0665.jpg,SNOWY
0666.jpg,SNOWY
0667.jpg,HAZE
0668.jpg,SUNNY
0669.jpg,SNOWY
0670.jpg,SNOWY
0671.jpg,HAZE
0672.jpg,SNOWY
0673.jpg,HAZE
0674.jpg,HAZE
0675.jpg,HAZE
0676.jpg,SNOWY
0677.jpg,SUNNY
0678.jpg,SNOWY
0679.jpg,SNOWY
0680.jpg,SNOWY
0681.jpg,SUNNY
0682.jpg,SNOWY
0683.jpg,SNOWY
0684.jpg,HAZE
0685.jpg,SNOWY
0686.jpg,SNOWY
0687.jpg,HAZE
0688.jpg,SNOWY
0689.png,SNOWY
0690.jpg,SUNNY
0691.jpg,HAZE
0692.jpg,SUNNY
0693.jpg,HAZE
0694.jpg,HAZE
0695.jpg,HAZE
0696.jpg,SNOWY
0697.jpg,SNOWY
0698.jpg,SUNNY
0699.jpg,SNOWY
0700.jpg,HAZE
0701.jpg,SNOWY
0702.jpg,SNOWY
0703.jpg,HAZE
0704.jpg,SUNNY
0705.jpg,SNOWY
0706.jpg,SNOWY
0707.jpg,SUNNY
0708.jpg,SUNNY
0709.jpg,HAZE
0710.jpg,HAZE
0711.jpg,SUNNY
0712.jpg,HAZE
0713.png,SNOWY
0714.jpg,SNOWY
0715.jpg,SNOWY
0716.jpg,SUNNY
0717.jpg,SUNNY
0718.jpg,SNOWY
0719.jpg,HAZE
0720.jpg,SNOWY
0721.png,SNOWY
0722.jpg,SUNNY
0723.jpg,SNOWY
0724.jpg,SUNNY
0725.jpg,SUNNY
0726.jpg,SNOWY
0727.jpg,SNOWY
0728.jpg,SNOWY
0729.jpg,SNOWY
0730.jpg,SNOWY
0731.jpg,SNOWY
0732.jpg,SUNNY
0733.jpg,SNOWY
0734.jpg,HAZE
0735.jpg,SUNNY
0736.jpg,HAZE
0737.jpg,HAZE
0738.jpg,HAZE
0739.png,HAZE
0740.jpg,SUNNY
0741.jpg,SNOWY
0742.jpg,SUNNY
0743.jpg,SUNNY
0744.jpg,HAZE
0745.jpg,HAZE
0746.jpg,SNOWY
0747.jpg,HAZE
0748.jpg,SNOWY
0749.jpg,SNOWY
0750.jpg,SNOWY
0751.jpg,SNOWY
0752.jpg,SNOWY
0753.jpg,SNOWY
0754.jpg,SNOWY
0755.jpg,SNOWY
0756.jpg,HAZE
0757.jpg,SUNNY
0758.jpg,SUNNY
0759.jpg,SUNNY
0760.jpg,SUNNY
0761.jpg,SUNNY
0762.jpg,HAZE
0763.jpg,SNOWY
0764.jpg,SNOWY
0765.png,SNOWY
0766.jpg,SNOWY
0767.jpg,SUNNY
0768.jpg,SNOWY
0769.jpg,SNOWY
0770.jpg,HAZE
0771.jpg,HAZE
0772.jpg,SNOWY
0773.jpg,SNOWY
0774.jpg,SNOWY
0775.jpg,SNOWY
0776.jpg,SNOWY
0777.jpg,HAZE
0778.jpg,HAZE
0779.jpg,HAZE
0780.jpg,SNOWY
0781.jpg,HAZE
0782.jpg,SNOWY
0783.jpg,SNOWY
0784.jpg,SNOWY
0785.jpg,HAZE
0786.jpg,SNOWY
0787.jpg,HAZE
0788.jpg,HAZE
0789.jpg,SNOWY
0790.jpg,SNOWY
0791.jpg,SNOWY
0792.jpg,HAZE
0793.jpg,SNOWY
0794.jpg,SNOWY
0795.jpg,SNOWY
0796.jpg,SNOWY
0797.jpg,SNOWY
0798.jpg,SNOWY
0799.jpg,HAZE
0800.jpg,SNOWY
0801.jpg,HAZE
0802.jpg,SNOWY
0803.jpg,HAZE
0804.jpg,SUNNY
0805.jpg,SNOWY
0806.jpg,HAZE
0807.jpg,SUNNY
0808.jpg,SNOWY
0809.jpg,SNOWY
0810.jpg,SUNNY
0811.jpg,SUNNY
0812.png,SNOWY
0813.jpg,SNOWY
0814.jpg,SNOWY
0815.jpg,HAZE
0816.jpg,SUNNY
0817.jpg,HAZE
0818.jpg,HAZE
0819.jpg,SNOWY
0820.jpg,SUNNY
0821.jpg,SNOWY
0822.jpg,HAZE
0823.jpg,SNOWY
0824.jpg,HAZE
0825.jpg,SNOWY
0826.jpg,HAZE
0827.jpg,SNOWY
0828.jpg,SNOWY
0829.jpg,SUNNY
0830.jpg,SUNNY
0831.jpg,SNOWY
0832.jpg,SUNNY
0833.jpg,SNOWY
0834.jpg,SUNNY
0835.jpg,SUNNY
0836.jpg,SUNNY
0837.jpg,SNOWY
0838.jpg,SNOWY
0839.png,SNOWY
0840.jpg,SNOWY
0841.jpg,SNOWY
0842.jpg,SUNNY
0843.jpg,SNOWY
0844.jpg,SUNNY
0845.jpg,HAZE
0846.jpg,SUNNY
0847.jpg,SUNNY
0848.jpg,HAZE
0849.jpg,SUNNY
0850.png,SUNNY
0851.jpg,SUNNY
0852.jpg,SUNNY
0853.jpg,HAZE
0854.jpg,SNOWY
0855.jpg,SUNNY
0856.png,SNOWY
0857.jpg,HAZE
0858.jpg,HAZE
0859.jpg,HAZE
0860.png,SNOWY
0861.jpg,HAZE
0862.png,HAZE
0863.jpg,SNOWY
0864.jpg,HAZE
0865.jpg,SNOWY
0866.jpg,SNOWY
0867.jpg,SNOWY
0868.jpg,HAZE
0869.jpg,HAZE
0870.jpg,HAZE
0871.jpg,HAZE
0872.jpg,SNOWY
0873.jpg,SNOWY
0874.jpg,HAZE
0875.jpg,SNOWY
0876.jpg,HAZE
0877.jpg,HAZE
0878.jpg,SUNNY
0879.jpg,SUNNY
0880.jpg,HAZE
0881.jpg,SNOWY
0882.jpg,HAZE
0883.jpg,SNOWY
0884.jpg,HAZE
0885.jpg,HAZE
0886.jpg,SNOWY
0887.jpg,SNOWY
0888.jpg,SNOWY
0889.jpg,HAZE
0890.jpg,SNOWY
0891.jpg,SNOWY
0892.jpg,SNOWY
0893.jpg,HAZE
0894.jpg,HAZE
0895.jpg,HAZE
0896.jpg,HAZE
0897.jpg,SNOWY
0898.jpg,SNOWY
0899.jpg,HAZE
0900.jpg,SNOWY
0901.jpg,HAZE
0902.jpg,SUNNY
0903.jpg,SUNNY
0904.jpg,SUNNY
0905.jpg,SNOWY
0906.jpg,HAZE
0907.jpg,SUNNY
0908.jpg,SUNNY
0909.jpg,HAZE
0910.jpg,HAZE
0911.jpg,HAZE
0912.jpg,HAZE
0913.jpg,SNOWY
0914.jpg,SUNNY
0915.jpg,SUNNY
0916.jpg,HAZE
0917.jpg,SUNNY
0918.jpg,HAZE
0919.jpg,HAZE
0920.jpg,SNOWY
0921.jpg,HAZE
0922.jpg,SUNNY
0923.jpg,SNOWY
0924.jpg,SUNNY
0925.jpg,SNOWY
0926.jpg,HAZE
0927.jpg,HAZE
0928.jpg,SUNNY
0929.jpg,HAZE
0930.jpg,SUNNY
0931.jpg,HAZE
0932.jpg,SNOWY
0933.jpg,SUNNY
0934.jpg,SUNNY
0935.jpg,SUNNY
0936.jpg,SNOWY
0937.jpg,HAZE
0938.jpg,SNOWY
0939.jpg,SUNNY
0940.jpg,SUNNY
0941.png,SUNNY
0942.jpg,SUNNY
0943.jpg,SNOWY
0944.png,SNOWY
0945.jpg,SNOWY
0946.jpg,SUNNY
0947.jpg,HAZE
0948.jpg,SNOWY
0949.jpg,SUNNY
0950.jpg,SNOWY
0951.jpg,SUNNY
0952.jpg,SUNNY
0953.jpg,HAZE
0954.jpg,HAZE
0955.jpg,HAZE
0956.png,SUNNY
0957.jpg,SUNNY
0958.jpg,SNOWY
0959.jpg,SUNNY
0960.jpg,SNOWY
0961.jpg,SNOWY
0962.jpg,HAZE
0963.jpg,SNOWY
0964.jpg,SUNNY
0965.jpg,HAZE
0966.jpg,SUNNY
0967.jpg,HAZE
0968.jpg,SNOWY
0969.jpg,SUNNY
0970.jpg,SNOWY
0971.jpg,SNOWY
0972.jpg,HAZE
0973.jpg,HAZE
0974.jpg,SNOWY
0975.jpg,SNOWY
0976.png,HAZE
0977.jpg,HAZE
0978.jpg,SNOWY
0979.jpg,SUNNY
0980.jpg,SNOWY
0981.jpg,SNOWY
0982.jpg,SNOWY
0983.jpg,HAZE
0984.jpg,SNOWY
0985.jpg,SNOWY
0986.jpg,SUNNY
0987.jpg,SUNNY
0988.jpg,HAZE
0989.jpg,HAZE
0990.jpg,SUNNY
0991.jpg,SNOWY
0992.jpg,SUNNY
0993.jpg,SUNNY
0994.jpg,SNOWY
0995.jpg,HAZE
0996.jpg,HAZE
0997.jpg,SUNNY
0998.jpg,SNOWY
0999.jpg,SUNNY
1000.jpg,SUNNY
1001.jpg,SUNNY
1002.jpg,SNOWY
1003.jpg,SNOWY
1004.png,HAZE
1005.jpg,SNOWY
1006.jpg,SNOWY
1007.jpg,SNOWY
1008.jpg,SNOWY
1009.jpg,SUNNY
1010.jpg,SUNNY
1011.jpg,HAZE
1012.jpg,SNOWY
1013.png,HAZE
1014.jpg,SNOWY
1015.jpg,SNOWY
1016.jpg,SUNNY
1017.jpg,SNOWY
1018.jpg,SUNNY
1019.jpg,HAZE
1020.jpg,SNOWY
1021.jpg,HAZE
1022.jpg,SUNNY
1023.jpg,SNOWY
1024.jpg,SNOWY
1025.jpg,SNOWY
1026.jpg,SNOWY
1027.jpg,SNOWY
1028.jpg,HAZE
1029.jpg,SNOWY
1030.jpg,SNOWY
1031.jpg,SNOWY
1032.jpg,SNOWY
1033.jpg,SNOWY
1034.jpg,HAZE
1035.jpg,HAZE
1036.jpg,SNOWY
1037.jpg,SNOWY
1038.jpg,HAZE
1039.jpg,HAZE
1040.jpg,SNOWY
1041.jpg,SNOWY
1042.jpg,HAZE
1043.jpg,HAZE
1044.jpg,SNOWY
1045.jpg,HAZE
1046.jpg,SNOWY
1047.jpg,HAZE
1048.jpg,SUNNY
1049.jpg,SNOWY
1050.jpg,SNOWY
1051.jpg,SNOWY
1052.jpg,SNOWY
1053.jpg,SUNNY
1054.jpg,SNOWY
1055.jpg,SNOWY
1056.jpg,HAZE
1057.jpg,SNOWY
1058.jpg,SNOWY
1059.jpg,HAZE
1060.jpg,SNOWY
1061.jpg,SUNNY
1062.jpg,HAZE
1063.jpg,SNOWY
1064.jpg,SUNNY
1065.jpg,SNOWY
1066.jpg,SNOWY
1067.jpg,SNOWY
1068.jpg,HAZE
1069.jpg,SUNNY
1070.jpg,SUNNY
1071.jpg,HAZE
1072.jpg,SNOWY
1073.png,SUNNY
1074.jpg,SUNNY
1075.jpg,SUNNY
1076.jpg,SUNNY
1077.jpg,SNOWY
1078.jpg,SUNNY
1079.png,SNOWY
1080.jpg,SNOWY
1081.jpg,SUNNY
1082.jpg,SNOWY
1083.jpg,SUNNY
1084.jpg,SUNNY
1085.jpg,SNOWY
1086.jpg,SNOWY
1087.jpg,HAZE
1088.jpg,SUNNY
1089.jpg,SNOWY
1090.jpg,SUNNY
1091.jpg,HAZE
1092.jpg,SNOWY
1093.jpg,HAZE
1094.jpg,HAZE
1095.jpg,HAZE
1096.jpg,SUNNY
1097.jpg,HAZE
1098.jpg,SNOWY
1099.jpg,SUNNY
1100.jpg,SNOWY
1101.jpg,SNOWY
1102.jpg,SUNNY
1103.jpg,SUNNY
1104.jpg,SUNNY
1105.jpg,SUNNY
1106.jpg,SNOWY
1107.jpg,SNOWY
1108.jpg,SUNNY
1109.jpg,SNOWY
1110.jpg,SNOWY
1111.jpg,SUNNY
1112.jpg,SUNNY
1113.jpg,HAZE
1114.jpg,SUNNY
1115.jpg,SUNNY
1116.jpg,SUNNY
1117.jpg,SNOWY
1118.jpg,SNOWY
1119.jpg,SNOWY
1120.jpg,SUNNY
1121.jpg,SUNNY
1122.jpg,SNOWY
1123.jpg,SUNNY
1124.jpg,SNOWY
1125.jpg,SNOWY
1126.jpg,SUNNY
1127.jpg,SNOWY
1128.png,SNOWY
1129.jpg,SUNNY
1130.jpg,SNOWY
1131.jpg,SUNNY
1132.jpg,SUNNY
1133.jpg,SNOWY
1134.jpg,HAZE
1135.jpg,SNOWY
1136.jpg,HAZE
1137.jpg,HAZE
1138.jpg,SNOWY
1139.jpg,SNOWY
1140.jpg,SUNNY
1141.jpg,HAZE
1142.jpg,SUNNY
1143.jpg,HAZE
1144.jpg,SNOWY
1145.jpg,SNOWY
1146.jpg,SUNNY
1147.jpg,SNOWY
1148.jpg,SUNNY
1149.jpg,HAZE
1150.jpg,SUNNY
1151.jpg,HAZE
1152.jpg,SUNNY
1153.jpg,SUNNY
1154.jpg,SUNNY
1155.jpg,SUNNY
1156.jpg,SNOWY
1157.jpg,SNOWY
1158.jpg,HAZE
1159.jpg,SNOWY
1160.jpg,SNOWY
1161.jpg,SNOWY
1162.jpg,SNOWY
1163.jpg,SNOWY
1164.jpg,SNOWY
1165.jpg,SNOWY
1166.jpg,HAZE
1167.jpg,SUNNY
1168.jpg,SNOWY
1169.jpg,SNOWY
1170.jpg,SUNNY
1171.jpg,SUNNY
1172.jpg,HAZE
1173.png,HAZE
1174.jpg,HAZE
1175.jpg,HAZE
1176.jpg,SUNNY
1177.jpg,SUNNY
1178.jpg,HAZE
1179.jpg,SUNNY
1180.jpg,SUNNY
1181.jpg,SUNNY
1182.jpg,HAZE
1183.png,SUNNY
1184.jpg,SUNNY
1185.jpg,SUNNY
1186.jpg,SNOWY
1187.jpg,SUNNY
1188.jpg,SNOWY
1189.jpg,HAZE
1190.jpg,HAZE
1191.jpg,SNOWY
1192.png,HAZE
1193.jpg,HAZE
1194.jpg,HAZE
1195.jpg,SNOWY
1196.jpg,HAZE
1197.jpg,SUNNY
1198.jpg,HAZE
1199.jpg,SNOWY
1200.jpg,SUNNY
1201.jpg,HAZE
1202.jpg,HAZE
1203.jpg,SNOWY
1204.jpg,SUNNY
1205.jpg,SNOWY
1206.jpg,SNOWY
1207.jpg,SUNNY
1208.jpg,HAZE
1209.jpg,HAZE
1210.jpg,SNOWY
1211.jpg,HAZE
1212.jpg,SUNNY
1213.jpg,SNOWY
1214.jpg,HAZE
1215.jpg,SUNNY
1216.jpg,SNOWY
1217.jpg,SNOWY
1218.jpg,SUNNY
1219.jpg,SNOWY
1220.jpg,SUNNY
1221.png,SUNNY
1222.png,SNOWY
1223.jpg,SUNNY
1224.jpg,SUNNY
1225.jpg,SNOWY
1226.jpg,SUNNY
1227.jpg,SUNNY
1228.jpg,SNOWY
1229.jpg,SNOWY
1230.jpg,SUNNY
1231.jpg,SUNNY
1232.jpg,HAZE
1233.jpg,HAZE
1234.jpg,SNOWY
1235.jpg,SUNNY
1236.jpg,SNOWY
1237.jpg,SUNNY
1238.jpg,SNOWY
1239.jpg,SUNNY
1240.jpg,HAZE
1241.jpg,SNOWY
1242.jpg,HAZE
1243.jpg,SNOWY
1244.jpg,SUNNY
1245.jpg,SUNNY
1246.jpg,SUNNY
1247.jpg,SUNNY
1248.jpg,HAZE
1249.jpg,HAZE
1250.jpg,SUNNY
1251.jpg,SUNNY
1252.jpg,SUNNY
1253.jpg,SUNNY
1254.jpg,HAZE
1255.jpg,RAINY
1256.jpg,SNOWY
1257.png,RAINY
1258.jpg,RAINY
1259.jpg,RAINY
1260.jpg,SNOWY
1261.jpg,SUNNY
1262.jpg,SNOWY
1263.jpg,HAZE
1264.jpg,SUNNY
1265.jpg,SNOWY
1266.png,SUNNY
1267.jpg,SNOWY
1268.jpg,HAZE
1269.jpg,SNOWY
1270.jpg,SNOWY
1271.jpg,SUNNY
1272.jpg,SUNNY
1273.jpg,SNOWY
1274.jpg,RAINY
1275.jpg,SUNNY
1276.jpg,HAZE
1277.jpg,RAINY
1278.jpg,RAINY
1279.jpg,SUNNY
1280.jpg,HAZE
1281.jpg,SUNNY
1282.jpg,RAINY
1283.jpg,SNOWY
1284.jpg,SNOWY
1285.jpg,SUNNY
1286.jpg,RAINY
1287.jpg,HAZE
1288.jpg,SNOWY
1289.jpg,RAINY
1290.jpg,HAZE
1291.jpg,SUNNY
1292.jpg,SUNNY
1293.jpg,SUNNY
1294.jpg,SUNNY
1295.jpg,SNOWY
1296.jpg,HAZE
1297.jpg,RAINY
1298.jpg,HAZE
1299.jpg,SUNNY
1300.jpg,HAZE
1301.jpg,HAZE
1302.jpg,RAINY
1303.jpg,SUNNY
1304.jpg,SUNNY
1305.jpg,RAINY
1306.jpg,RAINY
1307.jpg,SUNNY
1308.jpg,SUNNY
1309.jpg,SUNNY
1310.jpg,HAZE
1311.jpg,SUNNY
1312.jpg,SNOWY
1313.jpg,SUNNY
1314.jpg,HAZE
1315.jpg,SNOWY
1316.jpg,SNOWY
1317.jpg,SUNNY
1318.jpg,SUNNY
1319.jpg,RAINY
1320.jpg,SNOWY
1321.jpg,HAZE
1322.jpg,HAZE
1323.jpg,HAZE
1324.jpg,SNOWY
1325.jpg,HAZE
1326.jpg,RAINY
1327.jpg,HAZE
1328.jpg,SUNNY
1329.jpg,SUNNY
1330.jpg,SUNNY
1331.jpg,SUNNY
1332.jpg,SNOWY
1333.jpg,HAZE
1334.jpg,SNOWY
1335.jpg,HAZE
1336.jpg,SNOWY
1337.jpg,SNOWY
1338.jpg,SUNNY
1339.jpg,SUNNY
1340.jpg,SNOWY
1341.jpg,SUNNY
1342.jpg,SUNNY
1343.jpg,SUNNY
1344.jpg,SUNNY
1345.jpg,SUNNY
1346.jpg,SUNNY
1347.jpg,RAINY
1348.png,RAINY
1349.jpg,SNOWY
1350.jpg,HAZE
1351.jpg,SNOWY
1352.jpg,HAZE
1353.jpg,HAZE
1354.jpg,SUNNY
1355.jpg,SUNNY
1356.jpg,HAZE
1357.jpg,SNOWY
1358.jpg,HAZE
1359.jpg,SNOWY
1360.jpg,SUNNY
1361.jpg,SUNNY
1362.jpg,HAZE
1363.jpg,SUNNY
1364.jpg,SUNNY
1365.jpg,HAZE
1366.png,HAZE
1367.jpg,SUNNY
1368.jpg,HAZE
1369.jpg,SUNNY
1370.jpg,HAZE
1371.jpg,SUNNY
1372.jpg,SUNNY
1373.jpg,SUNNY
1374.jpg,RAINY
1375.jpg,HAZE
1376.jpg,RAINY
1377.jpg,RAINY
1378.jpg,HAZE
1379.jpg,SNOWY
1380.jpg,SUNNY
1381.jpg,SUNNY
1382.jpg,HAZE
1383.jpg,RAINY
1384.jpg,SNOWY
1385.jpg,RAINY
1386.jpg,RAINY
1387.jpg,SUNNY
1388.jpg,RAINY
1389.jpg,SUNNY
1390.jpg,RAINY
1391.jpg,HAZE
1392.jpg,RAINY
1393.jpg,SNOWY
1394.jpg,SNOWY
1395.jpg,SUNNY
1396.jpg,HAZE
1397.jpg,SNOWY
1398.jpg,SUNNY
1399.jpg,RAINY
1400.jpg,SNOWY
1401.jpg,RAINY
1402.jpg,SUNNY
1403.jpg,SUNNY
1404.jpg,RAINY
1405.jpg,HAZE
1406.jpg,SUNNY
1407.jpg,HAZE
1408.jpg,SUNNY
1409.jpg,HAZE
1410.jpg,SNOWY
1411.jpg,RAINY
1412.jpg,SNOWY
1413.jpg,RAINY
1414.jpg,SUNNY
1415.jpg,RAINY
1416.jpg,SUNNY
1417.jpg,HAZE
1418.jpg,SUNNY
1419.jpg,HAZE
1420.jpg,SUNNY
1421.jpg,SNOWY
1422.jpg,SNOWY
1423.jpg,RAINY
1424.jpg,SNOWY
1425.jpg,RAINY
1426.jpg,HAZE
1427.jpg,HAZE
1428.jpg,RAINY
1429.jpg,SNOWY
1430.jpg,HAZE
1431.jpg,RAINY
1432.jpg,RAINY
1433.png,SNOWY
1434.jpg,SUNNY
1435.jpg,RAINY
1436.jpg,SNOWY
1437.jpg,SUNNY
1438.jpg,SUNNY
1439.jpg,SUNNY
1440.jpg,RAINY
1441.jpg,RAINY
1442.jpg,SNOWY
1443.jpg,RAINY
1444.jpg,HAZE
1445.jpg,SUNNY
1446.jpg,SUNNY
1447.jpg,HAZE
1448.jpg,RAINY
1449.png,SNOWY
1450.jpg,RAINY
1451.jpg,SNOWY
1452.jpg,RAINY
1453.jpg,RAINY
1454.jpg,SNOWY
1455.jpg,HAZE
1456.jpg,SNOWY
1457.jpg,HAZE
1458.jpg,SUNNY
1459.jpg,RAINY
1460.jpg,SUNNY
1461.jpg,SUNNY
1462.jpg,SUNNY
1463.png,HAZE
1464.jpg,SNOWY
1465.jpg,HAZE
1466.jpg,RAINY
1467.jpg,HAZE
1468.jpg,SUNNY
1469.jpg,SUNNY
1470.png,SNOWY
1471.jpg,SUNNY
1472.jpg,SNOWY
1473.jpg,RAINY
1474.jpg,SUNNY
1475.jpg,RAINY
1476.jpg,RAINY
1477.jpg,SNOWY
1478.jpg,RAINY
1479.jpg,RAINY
1480.jpg,HAZE
1481.jpg,RAINY
1482.jpg,RAINY
1483.jpg,RAINY
1484.jpg,SUNNY
1485.jpg,SUNNY
1486.jpg,RAINY
1487.jpg,RAINY
1488.jpg,SUNNY
1489.jpg,SNOWY
1490.jpeg,RAINY
1491.jpg,SUNNY
1492.jpg,SUNNY
1493.jpg,SUNNY
1494.jpg,RAINY
1495.jpg,SUNNY
1496.jpg,RAINY
1497.jpg,RAINY
1498.jpg,RAINY
1499.jpg,RAINY
name_picture,target